      76	5485	AGENTS.md
      63	1665	BUILD.md
      27	1550	CHANGELOG.md
    1481	66444	CLAUDE.md
      41	1290	CONTRIBUTING.md
   12865	306883	Cargo.lock
     195	5307	Cargo.toml
      49	2595	LICENSE
     171	7791	PROOF_BOUNDARY.md
     816	57095	README.md
      30	1646	RELEASE_CHECKLIST.md
      12	487	SECURITY.md
    1652	76667	SOUL.md
      12	377	THIRD_PARTY_NOTICES.md
     531	70260	ZirOS_Dissertation.md
      50	1407	attestation/contracts/compact/ziros_attestation_audit.compact
      52	1736	attestation/contracts/compact/ziros_attestation_backend.compact
      35	985	attestation/contracts/compact/ziros_attestation_formal.compact
     429	45749	attestation/data/compatibility-report.json
    7658	237515	attestation/evidence/soak-certification-v0.4.1-20260403.json
    5243	196877	attestation/package-lock.json
      58	2457	attestation/package.json
      38	1005	attestation/scripts/compile-contracts.sh
     127	3989	attestation/src/artifacts.ts
     248	7181	attestation/src/compatibility.ts
     157	5659	attestation/src/config.ts
      49	1953	attestation/src/contracts.ts
      62	2012	attestation/src/debug-balanced-size.ts
     208	6634	attestation/src/debug-manual-backend-deploy.ts
      41	1251	attestation/src/debug-wallet-state.ts
      95	3603	attestation/src/deploy-attestation.ts
     101	3217	attestation/src/manifest.ts
     197	5748	attestation/src/midnight-polkadot.ts
     118	4343	attestation/src/probe-attestation-backend.ts
     162	5359	attestation/src/probe-chain-control.ts
     305	11524	attestation/src/probe-matrix.ts
      46	1575	attestation/src/probe-runtime.ts
     220	7864	attestation/src/probe-sed-canary.ts
     262	9478	attestation/src/prove-attestation.ts
     358	12395	attestation/src/providers.ts
     124	4231	attestation/src/runtime-probe.ts
      38	1182	attestation/src/strategy-selection.ts
     158	6370	attestation/src/submit-attestation.ts
     210	6843	attestation/src/submit-strategy.ts
      86	2645	attestation/src/test-local-attestation.ts
     149	4620	attestation/src/tx-pipeline.ts
     161	4693	attestation/src/util.ts
     153	4378	attestation/src/witness-builder.ts
     231	7105	attestation/src/witness-data.ts
      15	344	attestation/tsconfig.json
      77	2301	docs/AEROSPACE_KIT.md
      96	5788	docs/CANONICAL_TRUTH.md
     821	31535	docs/CLI.md
      89	3103	docs/PUBLIC_MONOREPO_MIRROR.md
     174	7553	docs/REENTRY_MISSION_OPS_PLATFORM.md
      53	1756	docs/REENTRY_SCHEMA_FREEZE.md
     110	5582	docs/SECURITY.md
    1166	48780	forensics/generated/all_files.tsv
      26	632	forensics/generated/crate_manifests.txt
       0	0	forensics/generated/crate_source_map.tsv
       0	0	forensics/generated/extension_counts.tsv
    1156	64506	forensics/generated/file_inventory.tsv
      62	2761	forensics/generated/file_inventory_lines.tsv
     200	11120	forensics/generated/file_inventory_top200_lines.tsv
       1	43	forensics/generated/summary.txt
      38	606	forensics/generated/top_level_counts.tsv
     161	2854	forensics/generated/top_level_dirs_depth2.txt
       1	170	release/private_bundle/README.md
      47	1361	release/provenance/public_mirror_provenance.json
       1	128	release/public_bundle/README.md
      38	1157	release/sbom/open_core_workspace_sbom.json
     221	9191	release/theorem_coverage_status.json
     232	37102	report/REENTRY_MISSION_ASSURANCE_REPORT.md
       3	64	rust-toolchain.toml
      70	1641	scripts/bootstrap_verus_toolchain.sh
      66	1747	scripts/build-binary-release.sh
     470	20671	scripts/generate_verification_status_artifacts.py
      30	908	scripts/launchd/com.ziros.storage-guardian.plist
       8	330	scripts/manual-plonky3-soak.sh
      52	1443	scripts/run_rocq_proofs.sh
      11	359	scripts/run_rocq_sovereign_economic_defense_proofs.sh
       8	239	scripts/run_verus_reentry_assurance_proofs.sh
       8	253	scripts/run_verus_sovereign_economic_defense_proofs.sh
      42	948	scripts/run_verus_workspace.sh
      11	199	scripts/ssd-guardian.sh
     751	25562	scripts/train_control_plane_models.py
     474	16592	scripts/train_threshold_optimizer.py
      89	2618	setup/boot-ziros-proving-public.sh
      74	3423	setup/census.sh
     357	15125	support-matrix.json
      11	967	system-health-alert-2026-04-04-0706.txt
     691	26596	tools 2/zkf-metal-public-proof/script/src/main.rs
     691	26596	tools/zkf-metal-public-proof/script/src/main.rs
      77	1711	vendor/ark-relations-patched/Cargo.toml
      26	839	vendor/ark-relations-patched/Cargo.toml.orig
     201	10847	vendor/ark-relations-patched/LICENSE-APACHE
      19	1046	vendor/ark-relations-patched/LICENSE-MIT
      31	1301	vendor/ark-relations-patched/README.md
      16	709	vendor/ark-relations-patched/ZKF_PATCH.md
      18	408	vendor/ark-relations-patched/src/lib.rs
    1623	59882	vendor/ark-relations-patched/src/r1cs/constraint_system.rs
      47	2060	vendor/ark-relations-patched/src/r1cs/error.rs
     513	13552	vendor/ark-relations-patched/src/r1cs/impl_lc.rs
     148	4442	vendor/ark-relations-patched/src/r1cs/mod.rs
     332	10569	vendor/ark-relations-patched/src/r1cs/trace.rs
     271	12506	vendor/halo2-proofs-patched/CHANGELOG.md
    1930	49218	vendor/halo2-proofs-patched/Cargo.lock
     206	3881	vendor/halo2-proofs-patched/Cargo.toml
     112	2741	vendor/halo2-proofs-patched/Cargo.toml.orig
      37	1266	vendor/halo2-proofs-patched/README.md
       8	321	vendor/halo2-proofs-patched/ZKF_PATCH.md
      37	963	vendor/halo2-proofs-patched/benches/arithmetic.rs
     114	3398	vendor/halo2-proofs-patched/benches/dev_lookup.rs
      26	723	vendor/halo2-proofs-patched/benches/fft.rs
      23	734	vendor/halo2-proofs-patched/benches/hashtocurve.rs
      27	781	vendor/halo2-proofs-patched/benches/msm.rs
     324	10823	vendor/halo2-proofs-patched/benches/plonk.rs
     304	9934	vendor/halo2-proofs-patched/examples/circuit-layout.rs
     303	8580	vendor/halo2-proofs-patched/examples/cost-model.rs
     339	11420	vendor/halo2-proofs-patched/examples/simple-example.rs
     534	16309	vendor/halo2-proofs-patched/examples/two-chip.rs
      14	1039	vendor/halo2-proofs-patched/katex-header.html
       7	632	vendor/halo2-proofs-patched/proptest-regressions/plonk/assigned.txt
       9	1226	vendor/halo2-proofs-patched/proptest-regressions/plonk/circuit/compress_selectors.txt
     492	14595	vendor/halo2-proofs-patched/src/arithmetic.rs
     580	17466	vendor/halo2-proofs-patched/src/circuit.rs
       6	118	vendor/halo2-proofs-patched/src/circuit/floor_planner.rs
     418	13243	vendor/halo2-proofs-patched/src/circuit/floor_planner/single_pass.rs
     532	16060	vendor/halo2-proofs-patched/src/circuit/floor_planner/v1.rs
     282	9479	vendor/halo2-proofs-patched/src/circuit/floor_planner/v1/strategy.rs
     285	9182	vendor/halo2-proofs-patched/src/circuit/layouter.rs
     407	13112	vendor/halo2-proofs-patched/src/circuit/table_layouter.rs
     703	16800	vendor/halo2-proofs-patched/src/circuit/value.rs
    1141	41722	vendor/halo2-proofs-patched/src/dev.rs
     546	17502	vendor/halo2-proofs-patched/src/dev/cost.rs
     565	20008	vendor/halo2-proofs-patched/src/dev/failure.rs
     164	5078	vendor/halo2-proofs-patched/src/dev/failure/emitter.rs
     278	9739	vendor/halo2-proofs-patched/src/dev/gates.rs
     189	5272	vendor/halo2-proofs-patched/src/dev/graph.rs
     320	11852	vendor/halo2-proofs-patched/src/dev/graph/layout.rs
     175	5079	vendor/halo2-proofs-patched/src/dev/metadata.rs
     478	14648	vendor/halo2-proofs-patched/src/dev/tfp.rs
     161	4521	vendor/halo2-proofs-patched/src/dev/util.rs
      16	569	vendor/halo2-proofs-patched/src/helpers.rs
      20	444	vendor/halo2-proofs-patched/src/lib.rs
     116	3440	vendor/halo2-proofs-patched/src/multicore.rs
     175	5132	vendor/halo2-proofs-patched/src/plonk.rs
     666	19340	vendor/halo2-proofs-patched/src/plonk/assigned.rs
    1542	52058	vendor/halo2-proofs-patched/src/plonk/circuit.rs
     351	13724	vendor/halo2-proofs-patched/src/plonk/circuit/compress_selectors.rs
     145	5328	vendor/halo2-proofs-patched/src/plonk/error.rs
     337	9519	vendor/halo2-proofs-patched/src/plonk/keygen.rs
      72	2874	vendor/halo2-proofs-patched/src/plonk/lookup.rs
     647	27700	vendor/halo2-proofs-patched/src/plonk/lookup/prover.rs
     209	7421	vendor/halo2-proofs-patched/src/plonk/lookup/verifier.rs
      84	2605	vendor/halo2-proofs-patched/src/plonk/permutation.rs
     212	7065	vendor/halo2-proofs-patched/src/plonk/permutation/keygen.rs
     434	17154	vendor/halo2-proofs-patched/src/plonk/permutation/prover.rs
     241	9027	vendor/halo2-proofs-patched/src/plonk/permutation/verifier.rs
     786	27225	vendor/halo2-proofs-patched/src/plonk/prover.rs
      11	197	vendor/halo2-proofs-patched/src/plonk/vanishing.rs
     172	5343	vendor/halo2-proofs-patched/src/plonk/vanishing/prover.rs
     139	3818	vendor/halo2-proofs-patched/src/plonk/vanishing/verifier.rs
     347	12733	vendor/halo2-proofs-patched/src/plonk/verifier.rs
     124	4128	vendor/halo2-proofs-patched/src/plonk/verifier/batch.rs
     363	10603	vendor/halo2-proofs-patched/src/poly.rs
     379	10776	vendor/halo2-proofs-patched/src/poly/commitment.rs
     220	7029	vendor/halo2-proofs-patched/src/poly/commitment/msm.rs
     166	6265	vendor/halo2-proofs-patched/src/poly/commitment/prover.rs
     171	5254	vendor/halo2-proofs-patched/src/poly/commitment/verifier.rs
     607	20484	vendor/halo2-proofs-patched/src/poly/domain.rs
     663	22003	vendor/halo2-proofs-patched/src/poly/evaluator.rs
     628	19376	vendor/halo2-proofs-patched/src/poly/multiopen.rs
     159	4867	vendor/halo2-proofs-patched/src/poly/multiopen/prover.rs
     149	5361	vendor/halo2-proofs-patched/src/poly/multiopen/verifier.rs
     318	10597	vendor/halo2-proofs-patched/src/transcript.rs
     986	33903	vendor/halo2-proofs-patched/tests/plonk_api.rs
      27	4160	vendor/halo2-proofs-patched/tests/plonk_api_proof.bin
       9	444	vendor/nova-snark-patched/CODE_OF_CONDUCT.md
     234	4059	vendor/nova-snark-patched/Cargo.toml
      98	2469	vendor/nova-snark-patched/Cargo.toml.orig
      21	1141	vendor/nova-snark-patched/LICENSE
     176	12810	vendor/nova-snark-patched/README.md
      41	2784	vendor/nova-snark-patched/SECURITY.md
      10	373	vendor/nova-snark-patched/SUPPORT.md
       8	326	vendor/nova-snark-patched/ZKF_PATCH.md
     250	6494	vendor/nova-snark-patched/benches/commit.rs
     161	5408	vendor/nova-snark-patched/benches/compressed-snark.rs
      91	2868	vendor/nova-snark-patched/benches/ppsnark.rs
     107	3593	vendor/nova-snark-patched/benches/recursive-snark.rs
     169	4930	vendor/nova-snark-patched/benches/sha256.rs
     152	4194	vendor/nova-snark-patched/benches/sumcheckeq.rs
     314	9468	vendor/nova-snark-patched/examples/and.rs
     207	6577	vendor/nova-snark-patched/examples/hashchain.rs
     276	8997	vendor/nova-snark-patched/examples/minroot.rs
     608	18450	vendor/nova-snark-patched/examples/ppot_prune.rs
     101	2665	vendor/nova-snark-patched/examples/ptau_test_setup.rs
       3	79	vendor/nova-snark-patched/rustfmt.toml
      13	427	vendor/nova-snark-patched/src/constants.rs
     175	5043	vendor/nova-snark-patched/src/digest.rs
      91	3326	vendor/nova-snark-patched/src/errors.rs
     427	14720	vendor/nova-snark-patched/src/frontend/constraint_system.rs
     742	20173	vendor/nova-snark-patched/src/frontend/gadgets/boolean.rs
      23	530	vendor/nova-snark-patched/src/frontend/gadgets/mod.rs
     128	3389	vendor/nova-snark-patched/src/frontend/gadgets/multieq.rs
     552	14117	vendor/nova-snark-patched/src/frontend/gadgets/num.rs
     558	15809	vendor/nova-snark-patched/src/frontend/gadgets/poseidon/circuit2.rs
     237	5706	vendor/nova-snark-patched/src/frontend/gadgets/poseidon/circuit2_witness.rs
     109	4113	vendor/nova-snark-patched/src/frontend/gadgets/poseidon/hash_type.rs
     322	8323	vendor/nova-snark-patched/src/frontend/gadgets/poseidon/matrix.rs
     183	6072	vendor/nova-snark-patched/src/frontend/gadgets/poseidon/mds.rs
      82	2183	vendor/nova-snark-patched/src/frontend/gadgets/poseidon/mod.rs
     487	15711	vendor/nova-snark-patched/src/frontend/gadgets/poseidon/poseidon_inner.rs
     175	6260	vendor/nova-snark-patched/src/frontend/gadgets/poseidon/preprocessing.rs
     167	5583	vendor/nova-snark-patched/src/frontend/gadgets/poseidon/round_constants.rs
      91	3458	vendor/nova-snark-patched/src/frontend/gadgets/poseidon/round_numbers.rs
     238	7605	vendor/nova-snark-patched/src/frontend/gadgets/poseidon/serde_impl.rs
     317	8269	vendor/nova-snark-patched/src/frontend/gadgets/poseidon/sponge/api.rs
     223	5398	vendor/nova-snark-patched/src/frontend/gadgets/poseidon/sponge/circuit.rs
       3	47	vendor/nova-snark-patched/src/frontend/gadgets/poseidon/sponge/mod.rs
     417	11712	vendor/nova-snark-patched/src/frontend/gadgets/poseidon/sponge/vanilla.rs
     254	7668	vendor/nova-snark-patched/src/frontend/gadgets/sha256.rs
     321	8030	vendor/nova-snark-patched/src/frontend/gadgets/uint32.rs
     388	10531	vendor/nova-snark-patched/src/frontend/lc.rs
      86	2407	vendor/nova-snark-patched/src/frontend/mod.rs
     140	4074	vendor/nova-snark-patched/src/frontend/r1cs.rs
     108	2625	vendor/nova-snark-patched/src/frontend/shape_cs.rs
       8	311	vendor/nova-snark-patched/src/frontend/solver.rs
     321	8244	vendor/nova-snark-patched/src/frontend/test_shape_cs.rs
       4	126	vendor/nova-snark-patched/src/frontend/util_cs/mod.rs
     222	5532	vendor/nova-snark-patched/src/frontend/util_cs/test_cs.rs
     175	4798	vendor/nova-snark-patched/src/frontend/util_cs/witness_cs.rs
    1389	45604	vendor/nova-snark-patched/src/gadgets/ecc.rs
      10	396	vendor/nova-snark-patched/src/gadgets/mod.rs
    1039	32513	vendor/nova-snark-patched/src/gadgets/nonnative/bignat.rs
      38	1060	vendor/nova-snark-patched/src/gadgets/nonnative/mod.rs
     349	9713	vendor/nova-snark-patched/src/gadgets/nonnative/util.rs
     552	15691	vendor/nova-snark-patched/src/gadgets/utils.rs
      37	936	vendor/nova-snark-patched/src/lib.rs
     443	13611	vendor/nova-snark-patched/src/neutron/circuit/mod.rs
     160	5711	vendor/nova-snark-patched/src/neutron/circuit/nifs.rs
      45	1413	vendor/nova-snark-patched/src/neutron/circuit/r1cs.rs
     216	6551	vendor/nova-snark-patched/src/neutron/circuit/relation.rs
     110	3594	vendor/nova-snark-patched/src/neutron/circuit/univariate.rs
     752	22398	vendor/nova-snark-patched/src/neutron/mod.rs
     742	24137	vendor/nova-snark-patched/src/neutron/nifs.rs
     299	8353	vendor/nova-snark-patched/src/neutron/relation.rs
     458	14781	vendor/nova-snark-patched/src/nova/circuit/mod.rs
     435	13329	vendor/nova-snark-patched/src/nova/circuit/r1cs.rs
    1683	52762	vendor/nova-snark-patched/src/nova/mod.rs
     701	22617	vendor/nova-snark-patched/src/nova/nifs.rs
     215	6064	vendor/nova-snark-patched/src/provider/blitzar.rs
     213	6175	vendor/nova-snark-patched/src/provider/bn256_grumpkin.rs
    1508	44775	vendor/nova-snark-patched/src/provider/hyperkzg.rs
     390	10539	vendor/nova-snark-patched/src/provider/ipa_pc.rs
     527	18393	vendor/nova-snark-patched/src/provider/keccak.rs
    1451	40967	vendor/nova-snark-patched/src/provider/mercury.rs
     201	6391	vendor/nova-snark-patched/src/provider/mod.rs
     980	31108	vendor/nova-snark-patched/src/provider/msm.rs
      93	2825	vendor/nova-snark-patched/src/provider/pasta.rs
     529	13154	vendor/nova-snark-patched/src/provider/pedersen.rs
     272	8316	vendor/nova-snark-patched/src/provider/poseidon.rs
     411	11143	vendor/nova-snark-patched/src/provider/ptau.rs
      52	1571	vendor/nova-snark-patched/src/provider/secp_secq.rs
     392	12701	vendor/nova-snark-patched/src/provider/traits.rs
    1145	33645	vendor/nova-snark-patched/src/r1cs/mod.rs
     263	6962	vendor/nova-snark-patched/src/r1cs/sparse.rs
     323	9543	vendor/nova-snark-patched/src/spartan/direct.rs
     102	3995	vendor/nova-snark-patched/src/spartan/macros.rs
      22	532	vendor/nova-snark-patched/src/spartan/math.rs
     446	12864	vendor/nova-snark-patched/src/spartan/mod.rs
     112	3915	vendor/nova-snark-patched/src/spartan/polys/eq.rs
      34	865	vendor/nova-snark-patched/src/spartan/polys/identity.rs
     143	5043	vendor/nova-snark-patched/src/spartan/polys/masked_eq.rs
      19	461	vendor/nova-snark-patched/src/spartan/polys/mod.rs
     470	15275	vendor/nova-snark-patched/src/spartan/polys/multilinear.rs
     165	5535	vendor/nova-snark-patched/src/spartan/polys/power.rs
     498	16645	vendor/nova-snark-patched/src/spartan/polys/univariate.rs
    1618	49483	vendor/nova-snark-patched/src/spartan/ppsnark.rs
     530	16347	vendor/nova-snark-patched/src/spartan/snark.rs
     912	28513	vendor/nova-snark-patched/src/spartan/sumcheck.rs
      78	2362	vendor/nova-snark-patched/src/traits/circuit.rs
     166	5828	vendor/nova-snark-patched/src/traits/commitment.rs
      46	1921	vendor/nova-snark-patched/src/traits/evaluation.rs
      39	1460	vendor/nova-snark-patched/src/traits/evm_serde.rs
     206	7632	vendor/nova-snark-patched/src/traits/mod.rs
      61	2466	vendor/nova-snark-patched/src/traits/snark.rs
      30	981	vendor/p3-merkle-tree-gpu/Cargo.toml
      31	1112	vendor/p3-merkle-tree-gpu/README.md
       8	297	vendor/p3-merkle-tree-gpu/ZKF_PATCH.md
     207	7313	vendor/p3-merkle-tree-gpu/src/hiding_mmcs.rs
      11	143	vendor/p3-merkle-tree-gpu/src/lib.rs
     503	19288	vendor/p3-merkle-tree-gpu/src/merkle_tree.rs
     718	26952	vendor/p3-merkle-tree-gpu/src/mmcs.rs
      52	1649	ziros-twitter-mcp/README.md
    1173	41424	ziros-twitter-mcp/package-lock.json
      17	369	ziros-twitter-mcp/package.json
      59	1934	ziros-twitter-mcp/scripts/codex-mcp-call.mjs
      21	722	ziros-twitter-mcp/src/auth/keychain.ts
      70	2125	ziros-twitter-mcp/src/index.ts
      33	1143	ziros-twitter-mcp/src/infra/browser-fallback.ts
      30	947	ziros-twitter-mcp/src/infra/engagement-log.ts
      40	1623	ziros-twitter-mcp/src/infra/political-filter.ts
      30	1091	ziros-twitter-mcp/src/infra/rate-limiter.ts
      71	2018	ziros-twitter-mcp/src/prompts/index.ts
      46	1385	ziros-twitter-mcp/src/resources/index.ts
     258	12939	ziros-twitter-mcp/src/server.ts
      38	7283	ziros-twitter-mcp/src/tools/definitions.ts
     172	6172	ziros-twitter-mcp/src/twitter/client.ts
       4	232	ziros-twitter-mcp/src/twitter/endpoints.ts
      52	1061	ziros-twitter-mcp/src/twitter/types.ts
      64	2206	ziros-twitter-mcp/src/utils/oauth.ts
      30	728	ziros-twitter-mcp/src/utils/text.ts
      29	1123	ziros-twitter-mcp/test/basic.test.ts
      17	407	ziros-twitter-mcp/tsconfig.json
    1666	61280	zkf-api/src/handlers.rs
      83	2675	zkf-backends/Cargo.toml
      15	592	zkf-backends/README.md
     134	5070	zkf-backends/proofs/coq/extraction/Zkf_backends_Proof_blackbox_ecdsa_spec.v
     107	3491	zkf-backends/proofs/coq/extraction/Zkf_backends_Proof_blackbox_hash_spec.v
    1029	43290	zkf-backends/proofs/coq/extraction/Zkf_backends_Proof_plonky3_surface.v
       4	29	zkf-backends/proofs/coq/extraction/_CoqProject
     317	10941	zkf-backends/proofs/rocq/BackendCompat.v
      65	2109	zkf-backends/proofs/rocq/BlackboxEcdsaProofs.v
      36	1601	zkf-backends/proofs/rocq/BlackboxEcdsaSemantics.v
      74	2376	zkf-backends/proofs/rocq/BlackboxHashProofs.v
      21	1001	zkf-backends/proofs/rocq/BlackboxHashSemantics.v
      95	3744	zkf-backends/proofs/rocq/BlackboxRuntimeProofs.v
      10	359	zkf-backends/proofs/rocq/HAX_PIN.toml
      27	909	zkf-backends/proofs/rocq/LookupLoweringProofs.v
      27	1253	zkf-backends/proofs/rocq/LookupLoweringSemantics.v
      38	1155	zkf-backends/proofs/rocq/Plonky3Proofs.v
      19	769	zkf-backends/proofs/rocq/Plonky3Semantics.v
      25	990	zkf-backends/proofs/rocq/README.md
       1	38	zkf-backends/proofs/rocq/_CoqProject
     162	7757	zkf-backends/proofs/rocq/extraction/Zkf_backends_Proof_blackbox_ecdsa_spec.v
     119	4523	zkf-backends/proofs/rocq/extraction/Zkf_backends_Proof_blackbox_hash_spec.v
      73	2692	zkf-backends/proofs/rocq/extraction/Zkf_backends_Proof_lookup_lowering_spec.v
    1178	57026	zkf-backends/proofs/rocq/extraction/Zkf_backends_Proof_plonky3_surface.v
       4	29	zkf-backends/proofs/rocq/extraction/_CoqProject
      32	909	zkf-backends/proofs/verus/audited_backend_verus.rs
     200	6219	zkf-backends/proofs/verus/groth16_boundary_verus.rs
     233	8076	zkf-backends/src/aggregation.rs
    5768	210544	zkf-backends/src/arkworks.rs
     621	21053	zkf-backends/src/audited_backend.rs
      11	209	zkf-backends/src/bin/zkf-recursive-groth16-worker.rs
     288	8781	zkf-backends/src/blackbox_gadgets/bits.rs
     523	14829	zkf-backends/src/blackbox_gadgets/blake2s.rs
     663	25044	zkf-backends/src/blackbox_gadgets/ec_ops.rs
    3445	88977	zkf-backends/src/blackbox_gadgets/ecdsa.rs
     453	14934	zkf-backends/src/blackbox_gadgets/keccak256.rs
     349	11946	zkf-backends/src/blackbox_gadgets/lookup_lowering.rs
     205	7685	zkf-backends/src/blackbox_gadgets/merkle.rs
    1570	56341	zkf-backends/src/blackbox_gadgets/mod.rs
      44	1735	zkf-backends/src/blackbox_gadgets/pedersen.rs
     739	40957	zkf-backends/src/blackbox_gadgets/poseidon2.rs
     393	20680	zkf-backends/src/blackbox_gadgets/poseidon2_bn254_constants.rs
     159	5238	zkf-backends/src/blackbox_gadgets/schnorr.rs
     604	19466	zkf-backends/src/blackbox_gadgets/sha256.rs
    1096	40651	zkf-backends/src/blackbox_native.rs
     636	22741	zkf-backends/src/ceremony.rs
     709	25452	zkf-backends/src/compat.rs
     229	8764	zkf-backends/src/execution_summary.rs
     410	14820	zkf-backends/src/foundry_test.rs
     114	3643	zkf-backends/src/groth16_hex.rs
     119	4135	zkf-backends/src/groth16_proof.rs
     167	5773	zkf-backends/src/groth16_vk.rs
    1215	41490	zkf-backends/src/halo2.rs
    2103	74136	zkf-backends/src/halo2_bls12_381.rs
     520	18746	zkf-backends/src/hypernova.rs
      16	347	zkf-backends/src/lib.rs
    1282	44395	zkf-backends/src/lib_non_hax.rs
     462	16317	zkf-backends/src/lowering/arkworks_lowering.rs
     442	16316	zkf-backends/src/lowering/halo2_lowering.rs
     737	24967	zkf-backends/src/lowering/midnight_lowering.rs
      23	809	zkf-backends/src/lowering/mod.rs
     131	4518	zkf-backends/src/lowering/nova_lowering.rs
     364	13401	zkf-backends/src/lowering/plonky3_lowering.rs
     223	6959	zkf-backends/src/lowering/sp1_lowering.rs
    1663	62033	zkf-backends/src/metal_runtime.rs
     163	5941	zkf-backends/src/midnight.rs
     798	28691	zkf-backends/src/midnight_client.rs
     759	26074	zkf-backends/src/midnight_codegen.rs
     579	21624	zkf-backends/src/midnight_native.rs
     532	19305	zkf-backends/src/midnight_tx.rs
      19	862	zkf-backends/src/native_field.rs
    1503	57744	zkf-backends/src/nova_native.rs
    1175	39547	zkf-backends/src/plonky3.rs
     288	8766	zkf-backends/src/proof_blackbox_ecdsa_spec.rs
     385	13233	zkf-backends/src/proof_blackbox_hash_spec.rs
     114	3713	zkf-backends/src/proof_lookup_lowering_spec.rs
    1230	44768	zkf-backends/src/proof_plonky3_spec.rs
     968	32597	zkf-backends/src/proof_plonky3_surface.rs
     307	11354	zkf-backends/src/r1cs_lowering.rs
     273	8718	zkf-backends/src/range_decomposition.rs
     492	19751	zkf-backends/src/recursive_aggregation.rs
     273	9376	zkf-backends/src/risc_zero.rs
    1061	38145	zkf-backends/src/risc_zero_native.rs
     723	24646	zkf-backends/src/sp1_compiler.rs
     824	29133	zkf-backends/src/sp1_native.rs
     254	8157	zkf-backends/src/verification_kani.rs
     534	19429	zkf-backends/src/verifier_export/groth16.rs
     538	18861	zkf-backends/src/verifier_export/halo2.rs
      97	3762	zkf-backends/src/verifier_export/mod.rs
     533	18819	zkf-backends/src/verifier_export/plonky3.rs
     320	11812	zkf-backends/src/wrapping/air_eval_circuit.rs
     248	9227	zkf-backends/src/wrapping/duplex_challenger.rs
     810	31171	zkf-backends/src/wrapping/fri_gadgets.rs
    1067	40439	zkf-backends/src/wrapping/fri_query_step.rs
    1173	50551	zkf-backends/src/wrapping/fri_verifier_circuit.rs
    2420	87199	zkf-backends/src/wrapping/groth16_recursive_verifier.rs
     805	32948	zkf-backends/src/wrapping/halo2_ipa_accumulator.rs
     601	22250	zkf-backends/src/wrapping/halo2_to_groth16.rs
      35	1199	zkf-backends/src/wrapping/mod.rs
     750	29292	zkf-backends/src/wrapping/nonnative_bn254_fq.rs
     325	11891	zkf-backends/src/wrapping/nonnative_goldilocks.rs
     428	15042	zkf-backends/src/wrapping/nonnative_pallas.rs
     408	14933	zkf-backends/src/wrapping/nova_stark_compress.rs
     915	35620	zkf-backends/src/wrapping/nova_universal_aggregator.rs
     321	11097	zkf-backends/src/wrapping/nova_verifier_circuit.rs
     764	29047	zkf-backends/src/wrapping/poseidon2_goldilocks.rs
    5561	208027	zkf-backends/src/wrapping/stark_to_groth16.rs
     963	31442	zkf-backends/tests/arkworks_roundtrip.rs
     506	18480	zkf-backends/tests/blackbox_soundness.rs
     763	26430	zkf-backends/tests/blackbox_support.rs
     117	4330	zkf-backends/tests/compat_backends_roundtrip.rs
      40	3536	zkf-backends/tests/fixtures/stark_to_groth16_wrapped_fixture.json
     156	5448	zkf-backends/tests/halo2_roundtrip.rs
     178	6381	zkf-backends/tests/midnight_native_runtime.rs
     139	4738	zkf-backends/tests/midnight_readiness.rs
      88	3382	zkf-backends/tests/native_zkvm_roundtrip.rs
     102	3435	zkf-backends/tests/nova_native_roundtrip.rs
     540	18929	zkf-backends/tests/plonky3_roundtrip.rs
      32	1064	zkf-backends/tests/range_limit_provenance.rs
     442	14865	zkf-backends/tests/recursive_aggregation_soundness.rs
     194	6798	zkf-backends/tests/recursive_integration_hardening.rs
     409	14623	zkf-backends/tests/verification_prop.rs
      53	1920	zkf-backends/tests/verifier_integrity.rs
      59	1170	zkf-build.sh
      84	3789	zkf-cli/Cargo.toml
      11	412	zkf-cli/README.md
      35	2598	zkf-cli/assets/midnight-package-manifest.json
     319	5694	zkf-cli/examples/sovereign-economic-defense-run-manifest.json
    1130	40686	zkf-cli/src/benchmark.rs
    1673	50900	zkf-cli/src/cli.rs
     693	25935	zkf-cli/src/cmd/aerospace_qualification.rs
    3851	152242	zkf-cli/src/cmd/app.rs
     157	6022	zkf-cli/src/cmd/audit.rs
    1302	46686	zkf-cli/src/cmd/capabilities.rs
     117	4129	zkf-cli/src/cmd/circuit.rs
      57	2308	zkf-cli/src/cmd/compile.rs
     168	5846	zkf-cli/src/cmd/conformance.rs
     625	23210	zkf-cli/src/cmd/credential.rs
     197	6372	zkf-cli/src/cmd/debug.rs
     355	12561	zkf-cli/src/cmd/demo.rs
     204	6515	zkf-cli/src/cmd/deploy.rs
     257	8285	zkf-cli/src/cmd/distributed.rs
     545	19103	zkf-cli/src/cmd/equivalence.rs
     139	5164	zkf-cli/src/cmd/estimate_gas.rs
      93	3627	zkf-cli/src/cmd/explore.rs
     675	23840	zkf-cli/src/cmd/import.rs
     189	6458	zkf-cli/src/cmd/ir.rs
     102	3071	zkf-cli/src/cmd/keys.rs
    1138	38634	zkf-cli/src/cmd/midnight.rs
     207	7333	zkf-cli/src/cmd/midnight/disclosure.rs
    1342	51891	zkf-cli/src/cmd/midnight/doctor.rs
     448	16806	zkf-cli/src/cmd/midnight/gateway.rs
    1703	61256	zkf-cli/src/cmd/midnight/init.rs
    1107	37174	zkf-cli/src/cmd/midnight/resolve.rs
    1189	41809	zkf-cli/src/cmd/midnight/shared.rs
      20	511	zkf-cli/src/cmd/midnight/templates.rs
     725	27984	zkf-cli/src/cmd/mod.rs
      27	820	zkf-cli/src/cmd/optimize.rs
     331	11791	zkf-cli/src/cmd/package/aggregate.rs
     353	12919	zkf-cli/src/cmd/package/bundle.rs
      66	2425	zkf-cli/src/cmd/package/compile.rs
     580	22375	zkf-cli/src/cmd/package/compose.rs
     462	17005	zkf-cli/src/cmd/package/fold.rs
     125	3423	zkf-cli/src/cmd/package/mod.rs
     817	30830	zkf-cli/src/cmd/package/prove.rs
     419	14529	zkf-cli/src/cmd/package/verify.rs
     242	8133	zkf-cli/src/cmd/package/verify_proof.rs
     676	23712	zkf-cli/src/cmd/prove.rs
     145	5814	zkf-cli/src/cmd/registry.rs
     165	5349	zkf-cli/src/cmd/retrain.rs
    8919	321981	zkf-cli/src/cmd/runtime.rs
    1684	63567	zkf-cli/src/cmd/sovereign_economic_defense.rs
    1356	51617	zkf-cli/src/cmd/sovereign_economic_defense2.rs
     117	3765	zkf-cli/src/cmd/storage.rs
    1627	57038	zkf-cli/src/cmd/subsystem.rs
     361	12953	zkf-cli/src/cmd/swarm.rs
      94	2926	zkf-cli/src/cmd/telemetry.rs
     187	6882	zkf-cli/src/cmd/test_vectors.rs
     362	14349	zkf-cli/src/cmd/witness.rs
     327	12452	zkf-cli/src/compose.rs
     190	5304	zkf-cli/src/main.rs
     552	18922	zkf-cli/src/package_io.rs
       3	114	zkf-cli/src/runtime_metal.rs
     582	21160	zkf-cli/src/solidity.rs
     141	4506	zkf-cli/src/tests/app.rs
     372	12419	zkf-cli/src/tests/audit.rs
     108	3429	zkf-cli/src/tests/circuit.rs
     272	7845	zkf-cli/src/tests/compact_integration.rs
     652	25479	zkf-cli/src/tests/composition.rs
     350	12298	zkf-cli/src/tests/core_util.rs
      78	2674	zkf-cli/src/tests/debug.rs
     174	5844	zkf-cli/src/tests/equivalence.rs
     249	7128	zkf-cli/src/tests/midnight_platform.rs
     124	3459	zkf-cli/src/tests/mod.rs
     395	12819	zkf-cli/src/tests/negative_paths.rs
     473	15632	zkf-cli/src/tests/package_bundle.rs
     186	6340	zkf-cli/src/tests/package_migrate.rs
     334	11425	zkf-cli/src/tests/package_prove.rs
     265	9761	zkf-cli/src/tests/package_run.rs
     131	4391	zkf-cli/src/tests/package_verify_metadata.rs
     176	6377	zkf-cli/src/tests/package_verify_run_execution.rs
     341	12404	zkf-cli/src/tests/package_verify_run_solver.rs
     174	6450	zkf-cli/src/tests/package_verify_zir.rs
     191	7239	zkf-cli/src/tests/package_zir.rs
      78	2309	zkf-cli/src/tests/startup.rs
     262	9276	zkf-cli/src/tests/swarm.rs
     100	3146	zkf-cli/src/tests/verify.rs
     496	18167	zkf-cli/src/types.rs
    2981	103777	zkf-cli/src/util.rs
      20	496	zkf-cloudfs/Cargo.toml
     521	16309	zkf-cloudfs/src/cloudfs.rs
      97	3034	zkf-cloudfs/src/config.rs
      10	298	zkf-cloudfs/src/lib.rs
     229	7356	zkf-cloudfs/src/migrate.rs
      21	519	zkf-conformance/Cargo.toml
      10	367	zkf-conformance/README.md
     343	11599	zkf-conformance/src/lib.rs
     373	13337	zkf-conformance/src/programs.rs
      63	1934	zkf-core/Cargo.toml
      13	556	zkf-core/README.md
     166	4502	zkf-core/fiat-crypto-manifest.json
      41	874	zkf-core/proofs/coq/extraction/Zkf_core_Field.v
     628	27895	zkf-core/proofs/coq/extraction/Zkf_core_Proof_ccs_spec.v
     108	3778	zkf-core/proofs/coq/extraction/Zkf_core_Proof_kernel_spec.v
     561	26525	zkf-core/proofs/coq/extraction/Zkf_core_Proof_kernel_spec_Bundle.v
      30	712	zkf-core/proofs/coq/extraction/Zkf_core_Proof_kernel_spec_Spec_field_ops.v
    1555	68608	zkf-core/proofs/coq/extraction/Zkf_core_Proof_transform_spec.v
     115	5075	zkf-core/proofs/coq/extraction/Zkf_core_Proof_witness_generation_spec.v
      10	253	zkf-core/proofs/coq/extraction/_CoqProject
     102	4091	zkf-core/proofs/fstar/ConstantTimeProofs.fst
      11	364	zkf-core/proofs/fstar/HAX_PIN.toml
      61	2648	zkf-core/proofs/fstar/Makefile
      22	661	zkf-core/proofs/fstar/extraction/Zkf_core.Field.fst
    1698	68584	zkf-core/proofs/fstar/extraction/Zkf_core.Proof_ccs_spec.fst
     118	4811	zkf-core/proofs/fstar/extraction/Zkf_core.Proof_constant_time_bridge.fst
     907	37039	zkf-core/proofs/fstar/extraction/Zkf_core.Proof_kernel_spec.Bundle.fst
      22	671	zkf-core/proofs/fstar/extraction/Zkf_core.Proof_kernel_spec.Spec_field_ops.fst
     100	4886	zkf-core/proofs/fstar/extraction/Zkf_core.Proof_kernel_spec.fst
    2938	127272	zkf-core/proofs/fstar/extraction/Zkf_core.Proof_transform_spec.fst
      58	2371	zkf-core/proofs/fstar/extraction/Zkf_core.Proof_witness_adapter_spec.fst
      84	3475	zkf-core/proofs/fstar/extraction/Zkf_core.Proof_witness_generation_spec.fst
     255	8365	zkf-core/proofs/rocq/Bn254MontgomeryStrictLane.v
     133	4252	zkf-core/proofs/rocq/CcsProofs.v
      48	1647	zkf-core/proofs/rocq/CcsSemantics.v
      41	1152	zkf-core/proofs/rocq/FieldGenerationProvenance.v
      10	358	zkf-core/proofs/rocq/HAX_PIN.toml
      31	725	zkf-core/proofs/rocq/KernelArithmetic.v
     167	5244	zkf-core/proofs/rocq/KernelCompat.v
     537	16980	zkf-core/proofs/rocq/KernelFieldEncodingProofs.v
       7	463	zkf-core/proofs/rocq/KernelGenerated.v
     421	14466	zkf-core/proofs/rocq/KernelProofs.v
     232	7821	zkf-core/proofs/rocq/KernelSemantics.v
      85	2095	zkf-core/proofs/rocq/OrbitalDynamicsProofs.v
      38	1317	zkf-core/proofs/rocq/PipelineComposition.v
      49	3775	zkf-core/proofs/rocq/README.md
     213	5650	zkf-core/proofs/rocq/SatelliteConjunctionProofs.v
    4868	201643	zkf-core/proofs/rocq/TransformProofs.v
     287	10980	zkf-core/proofs/rocq/TransformSemantics.v
      10	315	zkf-core/proofs/rocq/WitnessAdapterProofs.v
      24	1137	zkf-core/proofs/rocq/WitnessAdapterSemantics.v
      37	1303	zkf-core/proofs/rocq/WitnessGenerationProofs.v
      13	633	zkf-core/proofs/rocq/WitnessGenerationSemantics.v
      20	618	zkf-core/proofs/rocq/_CoqProject
      42	928	zkf-core/proofs/rocq/extraction/Zkf_core_Field.v
     762	28843	zkf-core/proofs/rocq/extraction/Zkf_core_Proof_ccs_spec.v
     109	3851	zkf-core/proofs/rocq/extraction/Zkf_core_Proof_kernel_spec.v
     742	34615	zkf-core/proofs/rocq/extraction/Zkf_core_Proof_kernel_spec_Bundle.v
      31	785	zkf-core/proofs/rocq/extraction/Zkf_core_Proof_kernel_spec_Spec_field_ops.v
    1990	80944	zkf-core/proofs/rocq/extraction/Zkf_core_Proof_transform_spec.v
    1144	40710	zkf-core/proofs/rocq/extraction/Zkf_core_Proof_witness_generation_spec.v
      10	253	zkf-core/proofs/rocq/extraction/_CoqProject
    1719	69003	zkf-core/proofs/rocq/templates/TransformRuntime.v
    1016	34838	zkf-core/proofs/rocq/templates/WitnessGenerationRuntime.v
      61	2113	zkf-core/proofs/rocq/vendor/RecordUpdate/RecordEta.v
     105	3149	zkf-core/proofs/rocq/vendor/RecordUpdate/RecordSet.v
       7	656	zkf-core/proptest-regressions/field.txt
     879	29568	zkf-core/src/acceleration.rs
      64	2493	zkf-core/src/aggregation.rs
     758	26392	zkf-core/src/artifact.rs
     178	5698	zkf-core/src/artifact_v2.rs
    2175	87935	zkf-core/src/audit.rs
     459	15623	zkf-core/src/benchmark.rs
     613	27766	zkf-core/src/capability.rs
     915	29725	zkf-core/src/ccs.rs
     462	15819	zkf-core/src/credential.rs
    1638	58047	zkf-core/src/debugger.rs
     277	9740	zkf-core/src/diagnostics.rs
     830	29222	zkf-core/src/disclosure.rs
     111	3325	zkf-core/src/dsl_types.rs
     128	3545	zkf-core/src/error.rs
    2428	106229	zkf-core/src/fiat_generated/bls12_381_scalar_64.rs
    2428	102747	zkf-core/src/fiat_generated/bn254_scalar_64.rs
       8	256	zkf-core/src/fiat_generated/mod.rs
    2268	92001	zkf-core/src/fiat_generated/pasta_fp_64.rs
    2268	92001	zkf-core/src/fiat_generated/pasta_fq_64.rs
    1534	51550	zkf-core/src/field.rs
      99	2260	zkf-core/src/hir.rs
     241	7820	zkf-core/src/ir.rs
     460	15166	zkf-core/src/keystore.rs
     182	6257	zkf-core/src/lib.rs
     281	11533	zkf-core/src/lowering/hir_to_zir.rs
     802	28667	zkf-core/src/lowering/mod.rs
     708	24408	zkf-core/src/normalize.rs
     509	16989	zkf-core/src/optimizer.rs
     570	19787	zkf-core/src/optimizer_zir.rs
     671	21327	zkf-core/src/platform.rs
     283	10300	zkf-core/src/privacy.rs
     465	14776	zkf-core/src/proof_ccs_spec.rs
     338	12038	zkf-core/src/proof_constant_time_bridge.rs
     330	11086	zkf-core/src/proof_kernel.rs
     704	25394	zkf-core/src/proof_kernel_spec.rs
    2624	92997	zkf-core/src/proof_transform_spec.rs
      41	1488	zkf-core/src/proof_witness_adapter_spec.rs
     908	30243	zkf-core/src/proof_witness_generation_spec.rs
     256	8996	zkf-core/src/recursion.rs
    1014	35501	zkf-core/src/resources.rs
     124	3932	zkf-core/src/secure_random.rs
     244	8237	zkf-core/src/setup.rs
     915	34118	zkf-core/src/solver.rs
     706	24071	zkf-core/src/solver/acvm_beta9_adapter.rs
     126	4429	zkf-core/src/stack_safe_json.rs
     229	8275	zkf-core/src/swarm_signer.rs
      12	342	zkf-core/src/tooling.rs
     398	13604	zkf-core/src/type_check.rs
     447	14409	zkf-core/src/verification_kani.rs
    3821	132377	zkf-core/src/witness.rs
     239	8237	zkf-core/src/wrapping.rs
     246	7720	zkf-core/src/zir.rs
     419	13011	zkf-core/tests/debugger_tests.rs
     112	3738	zkf-core/tests/optimizer_tests.rs
      88	2954	zkf-core/tests/package_tests.rs
     208	6921	zkf-core/tests/solver_beta9_tests.rs
     398	13571	zkf-core/tests/solver_tests.rs
      46	1492	zkf-core/tests/support/private_identity_fixture.rs
     943	35419	zkf-core/tests/verification_prop.rs
     441	13963	zkf-core/tests/witness_tests.rs
      49	1474	zkf-distributed/Cargo.toml
      10	359	zkf-distributed/README.md
     275	10843	zkf-distributed/proofs/coq/extraction/Zkf_distributed_Proof_swarm_reputation_spec.v
       4	74	zkf-distributed/proofs/coq/extraction/_CoqProject
      11	398	zkf-distributed/proofs/rocq/HAX_PIN.toml
     109	3232	zkf-distributed/proofs/rocq/SwarmEpochProofs.v
     138	4428	zkf-distributed/proofs/rocq/SwarmReputationProofs.v
       1	41	zkf-distributed/proofs/rocq/_CoqProject
     312	12581	zkf-distributed/proofs/rocq/extraction/Zkf_distributed_Proof_swarm_reputation_spec.v
       4	74	zkf-distributed/proofs/rocq/extraction/_CoqProject
      26	737	zkf-distributed/proofs/verus/distributed_coordinator_swarm_verus.rs
      17	411	zkf-distributed/proofs/verus/swarm_consensus_verus.rs
      23	864	zkf-distributed/proofs/verus/swarm_diplomat_verus.rs
      53	1510	zkf-distributed/proofs/verus/swarm_epoch_verus.rs
      21	674	zkf-distributed/proofs/verus/swarm_identity_verus.rs
      20	579	zkf-distributed/proofs/verus/swarm_memory_verus.rs
      52	1723	zkf-distributed/proofs/verus/swarm_reputation_verus.rs
     115	2860	zkf-distributed/proofs/verus/swarm_transport_verus.rs
    1402	45539	zkf-distributed/src/bundle.rs
     192	6303	zkf-distributed/src/config.rs
    2294	91025	zkf-distributed/src/coordinator.rs
     223	7040	zkf-distributed/src/discovery.rs
      82	2334	zkf-distributed/src/error.rs
     213	7812	zkf-distributed/src/execution.rs
     131	3858	zkf-distributed/src/health.rs
     310	10694	zkf-distributed/src/identity.rs
     139	4755	zkf-distributed/src/lib.rs
      90	3026	zkf-distributed/src/partition/cost_model.rs
     442	15273	zkf-distributed/src/partition/mod.rs
      29	1024	zkf-distributed/src/partition/strategy.rs
     380	10940	zkf-distributed/src/proof_swarm_reputation_spec.rs
     556	19506	zkf-distributed/src/protocol.rs
     162	4867	zkf-distributed/src/swarm/consensus.rs
     667	24023	zkf-distributed/src/swarm/diplomat.rs
     880	30787	zkf-distributed/src/swarm/epoch.rs
     972	34027	zkf-distributed/src/swarm/identity.rs
    1009	35218	zkf-distributed/src/swarm/memory.rs
      56	2059	zkf-distributed/src/swarm/mod.rs
     651	21687	zkf-distributed/src/swarm/reputation.rs
      30	754	zkf-distributed/src/swarm_consensus_core.rs
      50	1469	zkf-distributed/src/swarm_coordinator_core.rs
      81	2620	zkf-distributed/src/swarm_diplomat_core.rs
      77	2356	zkf-distributed/src/swarm_epoch_core.rs
      74	1981	zkf-distributed/src/swarm_identity_core.rs
      92	3051	zkf-distributed/src/swarm_memory_core.rs
     155	7454	zkf-distributed/src/swarm_protocol_core.rs
     153	4902	zkf-distributed/src/swarm_reputation_core.rs
      97	2632	zkf-distributed/src/swarm_transport_core.rs
      76	2307	zkf-distributed/src/telemetry.rs
      40	1180	zkf-distributed/src/transfer/compression.rs
     332	11289	zkf-distributed/src/transfer/mod.rs
     111	3698	zkf-distributed/src/transport/frame.rs
     107	3459	zkf-distributed/src/transport/mod.rs
      45	1221	zkf-distributed/src/transport/rdma.rs
     154	4709	zkf-distributed/src/transport/tcp.rs
     401	12627	zkf-distributed/src/verification_kani.rs
    1243	47651	zkf-distributed/src/worker.rs
     367	13722	zkf-distributed/tests/loopback.rs
      73	2905	zkf-distributed/tests/verification_prop.rs
      11	246	zkf-examples/Cargo.toml
      10	366	zkf-examples/README.md
     102	1739	zkf-examples/circuits/multiply.json
     302	9627	zkf-examples/src/lib.rs
      25	566	zkf-ffi/Cargo.toml
      65	2062	zkf-ffi/examples/ffi_smoke.c
     382	10478	zkf-ffi/src/lib.rs
    1019	32305	zkf-ffi/src/wallet_ffi.rs
      85	2909	zkf-ffi/tests/ffi_smoke.rs
     193	7982	zkf-ffi/tests/wallet_ffi.rs
      35	1104	zkf-frontends/Cargo.toml
      13	497	zkf-frontends/README.md
      10	311	zkf-frontends/proofs/rocq/HAX_PIN.toml
      13	436	zkf-frontends/proofs/rocq/NoirRecheckProofs.v
      21	706	zkf-frontends/proofs/rocq/NoirRecheckSemantics.v
      35	1096	zkf-frontends/proofs/rocq/README.md
       3	86	zkf-frontends/proofs/rocq/_CoqProject
    4536	172427	zkf-frontends/src/cairo.rs
     715	25408	zkf-frontends/src/circom.rs
     378	13889	zkf-frontends/src/external.rs
    1187	41453	zkf-frontends/src/external/compact_zkir.rs
     634	21929	zkf-frontends/src/halo2_export.rs
     305	9004	zkf-frontends/src/lib.rs
    2304	89173	zkf-frontends/src/noir.rs
     477	17501	zkf-frontends/src/plonky3_air_export.rs
      26	727	zkf-frontends/src/proof_noir_recheck_spec.rs
    1730	58910	zkf-frontends/src/translation.rs
     236	8587	zkf-frontends/tests/cairo_starknet.rs
     194	6102	zkf-frontends/tests/circom_import_tests.rs
     268	8588	zkf-frontends/tests/compact_zkir_import_tests.rs
     105	3281	zkf-frontends/tests/descriptor_frontends_tests.rs
      34	654	zkf-frontends/tests/fixtures/compact_zkir/contracts/failing/compiler/contract-info.json
      29	1109	zkf-frontends/tests/fixtures/compact_zkir/contracts/failing/zkir/publish_sum.zkir
      27	498	zkf-frontends/tests/fixtures/compact_zkir/contracts/passing/compiler/contract-info.json
      28	1057	zkf-frontends/tests/fixtures/compact_zkir/contracts/passing/zkir/set.zkir
       9	225	zkf-frontends/tests/fixtures/compact_zkir/opcodes/cond_select.zkir
      10	255	zkf-frontends/tests/fixtures/compact_zkir/opcodes/div_mod_power_of_two.zkir
       8	177	zkf-frontends/tests/fixtures/compact_zkir/opcodes/dynamic_pi_skip.zkir
       9	235	zkf-frontends/tests/fixtures/compact_zkir/opcodes/persistent_hash.zkir
       9	203	zkf-frontends/tests/fixtures/compact_zkir/opcodes/test_eq.zkir
       8	198	zkf-frontends/tests/fixtures/compact_zkir/opcodes/unsupported_poseidon_width.zkir
      85	2710	zkf-frontends/tests/halo2_export_tests.rs
     194	7215	zkf-frontends/tests/noir_family_pipeline_tests.rs
    1237	42981	zkf-frontends/tests/noir_import_tests.rs
      83	2696	zkf-frontends/tests/plonky3_air_export_tests.rs
      13	314	zkf-gadgets/Cargo.toml
      11	399	zkf-gadgets/README.md
     472	16209	zkf-gadgets/src/blake3.rs
     175	6340	zkf-gadgets/src/boolean.rs
     162	5605	zkf-gadgets/src/comparison.rs
     611	21812	zkf-gadgets/src/ecdsa.rs
     173	5241	zkf-gadgets/src/gadget.rs
     279	9627	zkf-gadgets/src/kzg.rs
      21	533	zkf-gadgets/src/lib.rs
     241	8746	zkf-gadgets/src/merkle.rs
     787	29511	zkf-gadgets/src/nonnative.rs
     290	9645	zkf-gadgets/src/plonk_gate.rs
     130	3928	zkf-gadgets/src/poseidon.rs
     102	3378	zkf-gadgets/src/range.rs
     306	11452	zkf-gadgets/src/registry.rs
     594	21720	zkf-gadgets/src/schnorr.rs
     993	36995	zkf-gadgets/src/secp256k1.rs
     422	16497	zkf-gadgets/src/sha256.rs
     631	21411	zkf-integration-tests/tests/hostile_audit.rs
      17	437	zkf-ir-spec/Cargo.toml
      11	415	zkf-ir-spec/README.md
       7	175	zkf-ir-spec/examples/dump_verification_ledger.rs
       7	202	zkf-ir-spec/examples/export_verification_ledger.rs
       1	25	zkf-ir-spec/lean-toolchain
     207	7837	zkf-ir-spec/proofs/lean/Normalization.lean
       9	150	zkf-ir-spec/proofs/rocq/Normalization.v
      41	936	zkf-ir-spec/protocol-parameters/fri_surface.json
      71	1984	zkf-ir-spec/protocol-parameters/groth16_surface.json
      49	1092	zkf-ir-spec/protocol-parameters/nova_surface.json
     777	28888	zkf-ir-spec/runtime-proof-coverage-manifest.json
      71	2288	zkf-ir-spec/src/canonical.rs
     939	34438	zkf-ir-spec/src/formal.rs
      69	2116	zkf-ir-spec/src/lib.rs
     261	7526	zkf-ir-spec/src/schema.rs
     353	16975	zkf-ir-spec/src/semantics.rs
    2652	175088	zkf-ir-spec/src/verification.rs
      45	1229	zkf-ir-spec/src/version.rs
     244	8283	zkf-ir-spec/tests/protocol_parameter_snapshots.rs
    1886	126295	zkf-ir-spec/verification-ledger.json
      28	705	zkf-keymanager/Cargo.toml
       7	244	zkf-keymanager/src/lib.rs
     756	25799	zkf-keymanager/src/manager.rs
      31	902	zkf-keymanager/src/zeroize_types.rs
      47	1456	zkf-lib/Cargo.toml
      13	527	zkf-lib/README.md
     360	11273	zkf-lib/examples/financial_loan_qualification.rs
     911	32202	zkf-lib/examples/plonky3_manual_soak.rs
     744	24134	zkf-lib/examples/private_identity_service_tier.rs
    1964	71962	zkf-lib/examples/private_multi_satellite_conjunction_showcase.rs
    1084	50334	zkf-lib/examples/private_nbody_orbital_showcase.rs
    2857	107323	zkf-lib/examples/private_powered_descent_showcase.rs
     950	38476	zkf-lib/examples/private_satellite_conjunction_showcase.rs
     468	18729	zkf-lib/examples/private_voting_commitment_pipeline.rs
       7	204	zkf-lib/examples/sync_generated_truth_docs.rs
     106	3435	zkf-lib/proofs/coq/extraction/Zkf_lib_Proof_embedded_app_spec.v
       4	62	zkf-lib/proofs/coq/extraction/_CoqProject
     166	5789	zkf-lib/proofs/rocq/EmbeddedPipelineComposition.v
      11	350	zkf-lib/proofs/rocq/HAX_PIN.toml
     212	7035	zkf-lib/proofs/rocq/SovereignEconomicDefenseProofs.v
       1	33	zkf-lib/proofs/rocq/_CoqProject
     114	3886	zkf-lib/proofs/rocq/extraction/Zkf_lib_Proof_embedded_app_spec.v
       4	62	zkf-lib/proofs/rocq/extraction/_CoqProject
     249	8746	zkf-lib/proofs/verus/sovereign_economic_defense_verus.rs
    1982	68438	zkf-lib/src/app/aerospace.rs
    2303	81788	zkf-lib/src/app/aerospace_qualification.rs
    1105	39461	zkf-lib/src/app/api.rs
      68	2316	zkf-lib/src/app/audit.rs
    2383	78818	zkf-lib/src/app/builder.rs
     376	12811	zkf-lib/src/app/combustion.rs
    3194	107679	zkf-lib/src/app/descent.rs
    2748	94897	zkf-lib/src/app/edl_monte_carlo.rs
    2031	76627	zkf-lib/src/app/evidence.rs
    3904	147456	zkf-lib/src/app/falcon_heavy_certification.rs
     106	3184	zkf-lib/src/app/inputs.rs
     313	10702	zkf-lib/src/app/mission_ops.rs
      32	705	zkf-lib/src/app/mod.rs
    2789	99974	zkf-lib/src/app/multi_satellite.rs
     737	26779	zkf-lib/src/app/navier_stokes.rs
    1557	55161	zkf-lib/src/app/orbital.rs
    1813	67421	zkf-lib/src/app/private_identity.rs
      73	2019	zkf-lib/src/app/progress.rs
     441	15312	zkf-lib/src/app/real_gas.rs
   11241	388951	zkf-lib/src/app/reentry.rs
    1216	48857	zkf-lib/src/app/reentry_ops.rs
    2613	93400	zkf-lib/src/app/satellite.rs
     229	6932	zkf-lib/src/app/science.rs
    4552	172257	zkf-lib/src/app/sovereign_economic_defense.rs
    4222	162924	zkf-lib/src/app/sovereign_economic_defense2.rs
    1280	47231	zkf-lib/src/app/spec.rs
      49	1622	zkf-lib/src/app/subsystem.rs
     168	4947	zkf-lib/src/app/subsystem_support.rs
     669	25898	zkf-lib/src/app/templates.rs
     323	12616	zkf-lib/src/app/thermochemical.rs
      78	3013	zkf-lib/src/app/verifier.rs
     466	22905	zkf-lib/src/lib.rs
     123	4139	zkf-lib/src/proof_embedded_app_spec.rs
     250	7538	zkf-lib/src/verification_kani.rs
      81	1901	zkf-metal/Cargo.toml
      10	340	zkf-metal/README.md
     165	5682	zkf-metal/benches/metal_bench.rs
     287	9783	zkf-metal/build.rs
      76	2523	zkf-metal/examples/bench_naf.rs
      32	1185	zkf-metal/examples/export_gpu_proof_artifacts.rs
     434	15050	zkf-metal/proofs/lean/Bn254Montgomery.lean
     113	4895	zkf-metal/proofs/lean/Bn254NttArithmetic.lean
      63	2603	zkf-metal/proofs/lean/CodegenSoundness.lean
      81	3022	zkf-metal/proofs/lean/FamilySpecs.lean
    1308	275934	zkf-metal/proofs/lean/Generated/GpuPrograms.lean
      30	1302	zkf-metal/proofs/lean/Hash.lean
     151	5038	zkf-metal/proofs/lean/HashReference.lean
      28	897	zkf-metal/proofs/lean/KernelSemantics.lean
      45	1732	zkf-metal/proofs/lean/LaunchSafety.lean
      76	2961	zkf-metal/proofs/lean/MemoryModel.lean
     282	10746	zkf-metal/proofs/lean/Msm.lean
     506	17842	zkf-metal/proofs/lean/MsmReference.lean
     237	8945	zkf-metal/proofs/lean/Ntt.lean
     457	15443	zkf-metal/proofs/lean/NttReference.lean
     106	4256	zkf-metal/proofs/lean/Poseidon2.lean
     209	8289	zkf-metal/proofs/lean/Poseidon2Reference.lean
      83	3069	zkf-metal/proofs/lean/SemanticsAst.lean
      40	1248	zkf-metal/proofs/lean/TraceModel.lean
     328	9418	zkf-metal/proofs/manifests/constraint_eval.json
    1583	48937	zkf-metal/proofs/manifests/field_ops.json
     409	12467	zkf-metal/proofs/manifests/fri.json
     557	16323	zkf-metal/proofs/manifests/hash.json
    4380	124237	zkf-metal/proofs/manifests/msm.json
    3456	97912	zkf-metal/proofs/manifests/msm_aux.json
    2631	77542	zkf-metal/proofs/manifests/ntt.json
    1234	36399	zkf-metal/proofs/manifests/poly.json
    1345	38494	zkf-metal/proofs/manifests/poseidon2.json
      31	1386	zkf-metal/proofs/spirv/README.md
       9	513	zkf-metal/proofs/spirv/SPIRV_PIN.toml
      42	1069	zkf-metal/proofs/spirv/kernels/hash_family.cl
      62	1609	zkf-metal/proofs/spirv/kernels/msm_bn254_family.cl
      55	1551	zkf-metal/proofs/spirv/kernels/msm_curve_family.cl
      75	2013	zkf-metal/proofs/spirv/kernels/msm_family.cl
     114	2808	zkf-metal/proofs/spirv/kernels/ntt_family.cl
      71	1930	zkf-metal/proofs/spirv/kernels/poseidon2_family.cl
      20	565	zkf-metal/proofs/verus/HashLaunch.rs
     368	12529	zkf-metal/proofs/verus/LaunchContracts.rs
      28	808	zkf-metal/proofs/verus/MsmLaunch.rs
      19	505	zkf-metal/proofs/verus/NttLaunch.rs
      20	664	zkf-metal/proofs/verus/Poseidon2Launch.rs
      14	573	zkf-metal/proofs/verus/README.md
     312	10172	zkf-metal/src/async_dispatch.rs
     457	15097	zkf-metal/src/batch_prover.rs
     280	8871	zkf-metal/src/constraint_eval.rs
    1691	63137	zkf-metal/src/device.rs
     434	13720	zkf-metal/src/field_ops.rs
     225	7388	zkf-metal/src/fri.rs
     309	10138	zkf-metal/src/hash/mod.rs
     915	31430	zkf-metal/src/launch_contracts.rs
     225	6886	zkf-metal/src/lib.rs
     800	25915	zkf-metal/src/merkle.rs
      72	1855	zkf-metal/src/metal4/barrier.rs
     147	4701	zkf-metal/src/metal4/mod.rs
     170	4823	zkf-metal/src/metal4/residency.rs
     142	4460	zkf-metal/src/metal4/tensor_msm.rs
     111	3447	zkf-metal/src/metal4/unified_encoder.rs
      86	2762	zkf-metal/src/msm/bn254.rs
     676	24374	zkf-metal/src/msm/hybrid.rs
     127	3989	zkf-metal/src/msm/mod.rs
     201	6349	zkf-metal/src/msm/pallas.rs
     566	19751	zkf-metal/src/msm/pallas_pippenger.rs
    1669	59951	zkf-metal/src/msm/pippenger.rs
     196	6158	zkf-metal/src/msm/vesta.rs
     554	19474	zkf-metal/src/msm/vesta_pippenger.rs
     745	23351	zkf-metal/src/ntt/bn254.rs
     104	2877	zkf-metal/src/ntt/fields.rs
     147	4368	zkf-metal/src/ntt/mod.rs
     770	24727	zkf-metal/src/ntt/p3_adapter.rs
     461	15102	zkf-metal/src/ntt/radix2.rs
     181	5407	zkf-metal/src/pipeline.rs
     401	12851	zkf-metal/src/poly.rs
     158	5001	zkf-metal/src/poseidon2/babybear.rs
      99	3316	zkf-metal/src/poseidon2/goldilocks.rs
     750	26263	zkf-metal/src/poseidon2/mod.rs
    3350	113275	zkf-metal/src/proof_ir.rs
     314	9758	zkf-metal/src/registry.rs
      61	3293	zkf-metal/src/shader_library.rs
     122	3898	zkf-metal/src/shaders/batch_field_ops.metal
      74	2676	zkf-metal/src/shaders/constraint_eval.metal
      25	764	zkf-metal/src/shaders/field_babybear.metal
     174	5105	zkf-metal/src/shaders/field_bn254_fr.metal
      56	1635	zkf-metal/src/shaders/field_goldilocks.metal
      53	1837	zkf-metal/src/shaders/fri.metal
     156	5007	zkf-metal/src/shaders/keccak256.metal
     585	18603	zkf-metal/src/shaders/msm_bn254.metal
     563	17104	zkf-metal/src/shaders/msm_pallas.metal
     183	8043	zkf-metal/src/shaders/msm_reduce.metal
     198	7641	zkf-metal/src/shaders/msm_sort.metal
     562	17016	zkf-metal/src/shaders/msm_vesta.metal
     177	5977	zkf-metal/src/shaders/ntt_bn254.metal
     162	5329	zkf-metal/src/shaders/ntt_radix2.metal
      79	2548	zkf-metal/src/shaders/ntt_radix2_batch.metal
     116	3740	zkf-metal/src/shaders/poly_ops.metal
     490	17781	zkf-metal/src/shaders/poseidon2.metal
     162	5556	zkf-metal/src/shaders/sha256.metal
     515	18312	zkf-metal/src/tuning.rs
     254	7840	zkf-metal/src/verification_kani.rs
     766	24755	zkf-metal/src/verified_artifacts.rs
      18	421	zkf-registry/Cargo.toml
      10	341	zkf-registry/README.md
       7	212	zkf-registry/src/lib.rs
     188	6515	zkf-registry/src/manifest.rs
     592	20957	zkf-registry/src/registry.rs
     546	16911	zkf-registry/src/resolver.rs
      71	2447	zkf-runtime/Cargo.toml
      11	379	zkf-runtime/README.md
     144	6567	zkf-runtime/proofs/coq/extraction/Zkf_runtime_Proof_runtime_spec.v
     188	6839	zkf-runtime/proofs/coq/extraction/Zkf_runtime_Proof_swarm_spec.v
       5	92	zkf-runtime/proofs/coq/extraction/_CoqProject
      11	410	zkf-runtime/proofs/rocq/HAX_PIN.toml
     123	4261	zkf-runtime/proofs/rocq/RuntimePipelineComposition.v
     119	3262	zkf-runtime/proofs/rocq/SwarmProofs.v
       1	37	zkf-runtime/proofs/rocq/_CoqProject
     168	8424	zkf-runtime/proofs/rocq/extraction/Zkf_runtime_Proof_runtime_spec.v
     217	8378	zkf-runtime/proofs/rocq/extraction/Zkf_runtime_Proof_swarm_spec.v
       5	92	zkf-runtime/proofs/rocq/extraction/_CoqProject
      16	772	zkf-runtime/proofs/verus/README.md
      10	810	zkf-runtime/proofs/verus/VERUS_PIN.toml
     418	14754	zkf-runtime/proofs/verus/buffer_bridge_core_verus.rs
     242	7180	zkf-runtime/proofs/verus/orbital_dynamics_verus.rs
     151	4461	zkf-runtime/proofs/verus/powered_descent_verus.rs
     522	14598	zkf-runtime/proofs/verus/reentry_assurance_verus.rs
     144	3816	zkf-runtime/proofs/verus/runtime_execution_adapter_verus.rs
     322	9566	zkf-runtime/proofs/verus/runtime_execution_api_verus.rs
     122	4038	zkf-runtime/proofs/verus/runtime_execution_context_verus.rs
      97	2915	zkf-runtime/proofs/verus/runtime_execution_graph_verus.rs
     102	3071	zkf-runtime/proofs/verus/runtime_execution_hybrid_verus.rs
     257	7819	zkf-runtime/proofs/verus/runtime_execution_scheduler_verus.rs
     145	3669	zkf-runtime/proofs/verus/satellite_conjunction_verus.rs
      21	477	zkf-runtime/proofs/verus/swarm_artifact_verus.rs
      75	2313	zkf-runtime/proofs/verus/swarm_builder_verus.rs
      40	1356	zkf-runtime/proofs/verus/swarm_entrypoint_verus.rs
      48	1487	zkf-runtime/proofs/verus/swarm_queen_verus.rs
      73	2055	zkf-runtime/proofs/verus/swarm_sentinel_verus.rs
      49	1214	zkf-runtime/proofs/verus/swarm_warrior_verus.rs
     109	3526	zkf-runtime/src/adapter_core.rs
    1137	37928	zkf-runtime/src/adapters.rs
     553	19275	zkf-runtime/src/adaptive_tuning.rs
    1766	67338	zkf-runtime/src/api.rs
     515	18866	zkf-runtime/src/api_core.rs
     813	28158	zkf-runtime/src/buffer_bridge.rs
     308	9530	zkf-runtime/src/buffer_bridge_core.rs
     353	11802	zkf-runtime/src/compatibility.rs
    4648	165088	zkf-runtime/src/control_plane.rs
    1607	62990	zkf-runtime/src/cpu_driver.rs
      48	2076	zkf-runtime/src/error.rs
     407	13525	zkf-runtime/src/execution.rs
      98	2870	zkf-runtime/src/execution_core.rs
     258	9034	zkf-runtime/src/gpu_attribution.rs
     317	8213	zkf-runtime/src/graph.rs
     174	6536	zkf-runtime/src/graph_core.rs
     803	27594	zkf-runtime/src/hybrid.rs
     100	3012	zkf-runtime/src/hybrid_core.rs
    2054	76834	zkf-runtime/src/lib.rs
     257	7945	zkf-runtime/src/memory.rs
     416	15372	zkf-runtime/src/memory_plan.rs
     792	30935	zkf-runtime/src/metal_dispatch_macos.rs
     164	5236	zkf-runtime/src/metal_driver.rs
     210	7401	zkf-runtime/src/proof_runtime_spec.rs
     181	5769	zkf-runtime/src/proof_swarm_spec.rs
     528	19698	zkf-runtime/src/scheduler.rs
     187	6097	zkf-runtime/src/scheduler_core.rs
    1161	44468	zkf-runtime/src/security.rs
      65	1848	zkf-runtime/src/slot_map.rs
    1276	45712	zkf-runtime/src/swarm/builder.rs
     175	5986	zkf-runtime/src/swarm/config.rs
     245	8187	zkf-runtime/src/swarm/entrypoint.rs
      29	1033	zkf-runtime/src/swarm/mod.rs
    1006	34901	zkf-runtime/src/swarm/queen.rs
    1213	42304	zkf-runtime/src/swarm/sentinel.rs
     436	14044	zkf-runtime/src/swarm/warrior.rs
      47	1039	zkf-runtime/src/swarm_artifact_core.rs
     165	5572	zkf-runtime/src/swarm_builder_core.rs
      46	1540	zkf-runtime/src/swarm_entrypoint_core.rs
     129	3600	zkf-runtime/src/swarm_queen_core.rs
      73	2204	zkf-runtime/src/swarm_sentinel_core.rs
     103	3197	zkf-runtime/src/swarm_warrior_core.rs
     190	6443	zkf-runtime/src/telemetry.rs
    1071	41584	zkf-runtime/src/telemetry_collector.rs
     225	7418	zkf-runtime/src/trust.rs
     558	18585	zkf-runtime/src/verification_kani.rs
     684	23438	zkf-runtime/src/watchdog.rs
      48	110616	zkf-runtime/tests/fixtures/neural_engine/control_plane_fixture_corpus.jsonl
     188	6496	zkf-runtime/tests/fixtures/neural_engine/fixture_manifest.json
      88	2402	zkf-runtime/tests/fixtures/neural_engine/models/anomaly_detector_v1.mlpackage.json
    2489	43574	zkf-runtime/tests/fixtures/neural_engine/models/anomaly_detector_v1.mlpackage/Data/com.apple.CoreML/model.mlmodel
      12	345	zkf-runtime/tests/fixtures/neural_engine/models/anomaly_detector_v1.mlpackage/Manifest.json
      94	2644	zkf-runtime/tests/fixtures/neural_engine/models/backend_recommender_v1.mlpackage.json
    3788	67674	zkf-runtime/tests/fixtures/neural_engine/models/backend_recommender_v1.mlpackage/Data/com.apple.CoreML/model.mlmodel
      12	345	zkf-runtime/tests/fixtures/neural_engine/models/backend_recommender_v1.mlpackage/Manifest.json
      88	2422	zkf-runtime/tests/fixtures/neural_engine/models/duration_estimator_v1.mlpackage.json
    3175	56064	zkf-runtime/tests/fixtures/neural_engine/models/duration_estimator_v1.mlpackage/Data/com.apple.CoreML/model.mlmodel
      12	345	zkf-runtime/tests/fixtures/neural_engine/models/duration_estimator_v1.mlpackage/Manifest.json
      88	2415	zkf-runtime/tests/fixtures/neural_engine/models/scheduler_v1.mlpackage.json
    2701	47338	zkf-runtime/tests/fixtures/neural_engine/models/scheduler_v1.mlpackage/Data/com.apple.CoreML/model.mlmodel
      12	345	zkf-runtime/tests/fixtures/neural_engine/models/scheduler_v1.mlpackage/Manifest.json
      81	3180	zkf-runtime/tests/verification_prop.rs
      14	299	zkf-sdk/Cargo.toml
      19	685	zkf-sdk/README.md
      35	1198	zkf-sdk/examples/simple_circuit.rs
      29	1270	zkf-sdk/src/lib.rs
      41	1708	zkf-sdk/tests/public_surface.rs
      14	313	zkf-storage/Cargo.toml
     252	8281	zkf-storage/src/lib.rs
       9	214	zkf-tui/Cargo.toml
     308	9637	zkf-tui/src/lib.rs
      15	343	zkf-ui/Cargo.toml
      10	338	zkf-ui/README.md
      10	272	zkf-ui/src/lib.rs
     220	7007	zkf-ui/src/progress.rs
     369	11613	zkf-ui/src/render.rs
      39	1022	zkf-ui/src/theme.rs
      20	329	zkf-wallet-app/Resources/Assets.xcassets/AccentColor.colorset/Contents.json
    1674	687485	zkf-wallet-app/Resources/Assets.xcassets/AppIcon.appiconset/AppIcon-1024.png
      15	2931	zkf-wallet-app/Resources/Assets.xcassets/AppIcon.appiconset/AppIcon-20@2x.png
      26	5435	zkf-wallet-app/Resources/Assets.xcassets/AppIcon.appiconset/AppIcon-20@3x.png
      31	5182	zkf-wallet-app/Resources/Assets.xcassets/AppIcon.appiconset/AppIcon-29@2x.png
      28	9816	zkf-wallet-app/Resources/Assets.xcassets/AppIcon.appiconset/AppIcon-29@3x.png
      25	8533	zkf-wallet-app/Resources/Assets.xcassets/AppIcon.appiconset/AppIcon-40@2x.png
      51	16292	zkf-wallet-app/Resources/Assets.xcassets/AppIcon.appiconset/AppIcon-40@3x.png
      51	16292	zkf-wallet-app/Resources/Assets.xcassets/AppIcon.appiconset/AppIcon-60@2x.png
      87	32002	zkf-wallet-app/Resources/Assets.xcassets/AppIcon.appiconset/AppIcon-60@3x.png
      62	1208	zkf-wallet-app/Resources/Assets.xcassets/AppIcon.appiconset/Contents.json
       6	63	zkf-wallet-app/Resources/Assets.xcassets/Contents.json
     189	55260	zkf-wallet-app/Resources/Fonts/Outfit-Bold.ttf
     203	55212	zkf-wallet-app/Resources/Fonts/Outfit-ExtraBold.ttf
     239	55148	zkf-wallet-app/Resources/Fonts/Outfit-Medium.ttf
      93	4389	zkf-wallet-app/Resources/Fonts/Outfit-OFL.txt
     227	55208	zkf-wallet-app/Resources/Fonts/Outfit-Regular.ttf
     224	55400	zkf-wallet-app/Resources/Fonts/Outfit-SemiBold.ttf
    1674	687485	zkf-wallet-app/Resources/IconSource/ZirOSWallet-AppIcon-1024.png
      63	1837	zkf-wallet-app/Scripts/build_wallet_beta.sh
     224	7976	zkf-wallet-app/Scripts/generate_wallet_app_icon.swift
      46	1211	zkf-wallet-app/Scripts/package_wallet_beta.sh
     327	12560	zkf-wallet-app/Scripts/prepare_wallet_bundle.sh
       8	174	zkf-wallet-app/Scripts/serve_dapp_harness.sh
      67	2147	zkf-wallet-app/Scripts/sign_and_notarize_wallet_beta.sh
      36	777	zkf-wallet-app/Sources/App/Models/BridgeRequestModels.swift
     723	18934	zkf-wallet-app/Sources/App/Models/WalletModels.swift
    3273	128844	zkf-wallet-app/Sources/App/Views/ContentView.swift
    1993	83353	zkf-wallet-app/Sources/App/WalletCore/WalletCoordinator.swift
     223	6199	zkf-wallet-app/Sources/App/WalletCore/WalletHelperProcess+iOS.swift
     547	18669	zkf-wallet-app/Sources/App/WalletCore/WalletHelperProcess.swift
     122	3795	zkf-wallet-app/Sources/App/WalletCore/WalletHelperRuntime.swift
     143	5396	zkf-wallet-app/Sources/App/WalletCore/WalletHelperWebKitBridge.swift
      17	586	zkf-wallet-app/Sources/App/WalletCore/ZKFWalletWebViewHost.h
      91	2978	zkf-wallet-app/Sources/App/WalletCore/ZKFWalletWebViewHost.m
     506	18705	zkf-wallet-app/Sources/App/WalletFFI/WalletFFI.swift
     145	4768	zkf-wallet-app/Sources/App/WalletFFI/ZkfFFI.h
      14	411	zkf-wallet-app/Sources/App/ZirOSWallet.entitlements
      74	2251	zkf-wallet-app/Sources/App/ZirOSWalletApp.swift
      10	300	zkf-wallet-app/Sources/App/ZirOSWalletDebug.entitlements
      42	1340	zkf-wallet-app/Sources/Extension/Resources/background.js
      99	3233	zkf-wallet-app/Sources/Extension/Resources/content.js
      18	415	zkf-wallet-app/Sources/Extension/Resources/manifest.json
     156	7030	zkf-wallet-app/Sources/Extension/SafariWebExtensionHandler.swift
      14	421	zkf-wallet-app/Sources/Extension/ZirOSWalletExtension.entitlements
      10	310	zkf-wallet-app/Sources/Extension/ZirOSWalletExtensionDebug.entitlements
     103	2862	zkf-wallet-app/Sources/Shared/BrandViewModifiers.swift
     274	8443	zkf-wallet-app/Sources/Shared/BridgeIPC.swift
     300	9588	zkf-wallet-app/Sources/Shared/DustFuelRing.swift
      67	2573	zkf-wallet-app/Sources/Shared/PrivacyGauge.swift
     344	12319	zkf-wallet-app/Sources/Shared/RootTabView.swift
     118	4458	zkf-wallet-app/Sources/Shared/WalletBrandAssets.swift
     252	9808	zkf-wallet-app/Sources/Shared/WalletDisplay.swift
      85	1937	zkf-wallet-app/Sources/Shared/WalletPlatformSupport.swift
     264	7562	zkf-wallet-app/Testing/DAppHarness/index.html
     971	49407	zkf-wallet-app/ZirOSWallet.xcodeproj/project.pbxproj
       7	135	zkf-wallet-app/ZirOSWallet.xcodeproj/project.xcworkspace/contents.xcworkspacedata
      89	3335	zkf-wallet-app/ZirOSWallet.xcodeproj/xcshareddata/xcschemes/ZirOSWallet.xcscheme
      89	3359	zkf-wallet-app/ZirOSWallet.xcodeproj/xcshareddata/xcschemes/ZirOSWalletiOS.xcscheme
     149	5502	zkf-wallet-app/project.yml
    3424	127651	zkf-wallet-helper/package-lock.json
      37	1263	zkf-wallet-helper/package.json
     117	3695	zkf-wallet-helper/src/config.ts
     341	11734	zkf-wallet-helper/src/mailbox.ts
      58	1265	zkf-wallet-helper/src/main.ts
     162	4993	zkf-wallet-helper/src/main_webkit.ts
      68	1702	zkf-wallet-helper/src/portable_crypto.ts
    1083	37429	zkf-wallet-helper/src/providers.ts
     158	5557	zkf-wallet-helper/src/rpc.ts
     276	5939	zkf-wallet-helper/src/types.ts
     162	3992	zkf-wallet-helper/test/rpc.test.ts
      16	384	zkf-wallet-helper/tsconfig.json
      33	1391	zkf-wallet-mailbox/README.md
      73	3103	zkf-wallet-mailbox/contracts/compact/ziros_wallet_mailbox.compact
     203	3665	zkf-wallet-mailbox/contracts/compiled/ziros_wallet_mailbox/compiler/contract-info.json
      78	3984	zkf-wallet-mailbox/contracts/compiled/ziros_wallet_mailbox/contract/index.d.ts
    1651	125218	zkf-wallet-mailbox/contracts/compiled/ziros_wallet_mailbox/contract/index.js
       8	3781	zkf-wallet-mailbox/contracts/compiled/ziros_wallet_mailbox/contract/index.js.map
  136296	33703145	zkf-wallet-mailbox/contracts/compiled/ziros_wallet_mailbox/keys/post_mailbox_envelope.prover
       7	1351	zkf-wallet-mailbox/contracts/compiled/ziros_wallet_mailbox/keys/post_mailbox_envelope.verifier
       0	4386	zkf-wallet-mailbox/contracts/compiled/ziros_wallet_mailbox/zkir/post_mailbox_envelope.bzkir
    1452	70357	zkf-wallet-mailbox/contracts/compiled/ziros_wallet_mailbox/zkir/post_mailbox_envelope.zkir
      22	966	zkf-wallet-mailbox/deployment/mailbox.deployment.template.json
    5237	196506	zkf-wallet-mailbox/package-lock.json
      51	2104	zkf-wallet-mailbox/package.json
      75	2298	zkf-wallet-mailbox/scripts/compile-contracts.sh
     222	7779	zkf-wallet-mailbox/src/deploy-mailbox.ts
     108	3396	zkf-wallet-mailbox/src/midnight_polkadot.ts
      62	2025	zkf-wallet-mailbox/src/operator-status.ts
     415	14890	zkf-wallet-mailbox/src/runtime.ts
      19	509	zkf-wallet-mailbox/src/types.ts
       7	107	zkf-wallet-mailbox/tsconfig.build.json
      12	235	zkf-wallet-mailbox/tsconfig.json
      37	905	zkf-wallet/Cargo.toml
    2878	101336	zkf-wallet/src/lib.rs
    2073	77184	zkf-wallet/src/messaging.rs
